,subjectID,patient,score,session
0,patient_01,1,0.19476428956704928,1
1,patient_02,1,0.2259217809723988,1
2,patient_03,1,0.1707080471478586,1
3,control_01,0,0.2276642978165535,1
4,control_02,0,0.4356986841038991,1
5,control_03,0,0.31110228665041284,1
